000/IMG_0000_1.tif,41.949366,1.533295,809.568970,0.0000000,0.0000000,0.000000,0.0000000,0.000000,1971,134971.442421
000/IMG_0001_1.tif,41.949404,1.533395,809.538025,0.0000000,0.0000000,0.000000,0.0000000,0.000000,1971,134974.441545
000/IMG_0002_1.tif,41.949917,1.531397,806.306030,0.0000000,0.0000000,0.000000,0.0000000,0.000000,1971,135061.600416
000/IMG_0003_1.tif,41.949492,1.533615,808.900024,0.0000000,0.0000000,0.000000,0.0000000,0.000000,1971,135069.414395
000/IMG_0004_1.tif,41.950005,1.531596,806.807007,0.0000000,0.0000000,0.000000,0.0000000,0.000000,1971,135072.413549
000/IMG_0005_1.tif,41.950039,1.531699,807.031982,0.0000000,0.0000000,0.000000,0.0000000,0.000000,1971,135073.200413
000/IMG_0006_1.tif,41.950078,1.531828,807.159973,0.0000000,0.0000000,0.000000,0.0000000,0.000000,1971,135075.400413
000/IMG_0007_1.tif,41.949649,1.534061,809.031006,0.0000000,0.0000000,0.000000,0.0000000,0.000000,1971,135077.400412
000/IMG_0008_1.tif,41.950162,1.532042,807.310974,0.0000000,0.0000000,0.000000,0.0000000,0.000000,1971,135079.600411
000/IMG_0009_1.tif,41.950209,1.532150,807.484009,0.0000000,0.0000000,0.000000,0.0000000,0.000000,1971,135081.600411
000/IMG_0010_1.tif,41.950255,1.532259,807.737000,0.0000000,0.0000000,0.000000,0.0000000,0.000000,1971,135082.600411
000/IMG_0011_1.tif,41.950299,1.532365,807.848999,0.0000000,0.0000000,0.000000,0.0000000,0.000000,1971,135084.600410
000/IMG_0012_1.tif,41.950346,1.532483,807.744995,0.0000000,0.0000000,0.000000,0.0000000,0.000000,1971,135086.600409
000/IMG_0013_1.tif,41.950384,1.532596,807.757019,0.0000000,0.0000000,0.000000,0.0000000,0.000000,1971,135088.600409
000/IMG_0014_1.tif,41.950421,1.532716,807.687012,0.0000000,0.0000000,0.000000,0.0000000,0.000000,1971,135090.800408
000/IMG_0015_1.tif,41.949995,1.534968,809.164978,0.0000000,0.0000000,0.000000,0.0000000,0.000000,1971,135091.800408
000/IMG_0016_1.tif,41.950037,1.535080,809.174988,0.0000000,0.0000000,0.000000,0.0000000,0.000000,1971,135093.800407
000/IMG_0017_1.tif,41.950080,1.535192,809.213989,0.0000000,0.0000000,0.000000,0.0000000,0.000000,1971,135095.800407
000/IMG_0018_1.tif,41.950121,1.535304,809.346008,0.0000000,0.0000000,0.000000,0.0000000,0.000000,1971,135097.406468
000/IMG_0019_1.tif,41.950130,1.535433,809.176025,0.0000000,0.0000000,0.000000,0.0000000,0.000000,1971,135099.200406
000/IMG_0020_1.tif,41.950066,1.535524,808.585999,0.0000000,0.0000000,0.000000,0.0000000,0.000000,1971,135101.400405
000/IMG_0021_1.tif,41.950699,1.533539,808.629028,0.0000000,0.0000000,0.000000,0.0000000,0.000000,1971,135103.600405
000/IMG_0022_1.tif,41.950727,1.533643,808.648010,0.0000000,0.0000000,0.000000,0.0000000,0.000000,1971,135104.600404
000/IMG_0023_1.tif,41.950754,1.533764,808.491028,0.0000000,0.0000000,0.000000,0.0000000,0.000000,1971,135106.600404
000/IMG_0024_1.tif,41.950777,1.533886,808.463989,0.0000000,0.0000000,0.000000,0.0000000,0.000000,1971,135108.800403
000/IMG_0025_1.tif,41.950802,1.534008,808.549988,0.0000000,0.0000000,0.000000,0.0000000,0.000000,1971,135109.800403
000/IMG_0026_1.tif,41.949780,1.534942,808.828003,0.0000000,0.0000000,0.000000,0.0000000,0.000000,1971,135111.800402
000/IMG_0027_1.tif,41.949731,1.534816,808.768005,0.0000000,0.0000000,0.000000,0.0000000,0.000000,1971,135114.401636
000/IMG_0028_1.tif,41.949691,1.534715,808.794006,0.0000000,0.0000000,0.000000,0.0000000,0.000000,1971,135115.200401
000/IMG_0029_1.tif,41.949644,1.534601,808.843018,0.0000000,0.0000000,0.000000,0.0000000,0.000000,1971,135117.400401
000/IMG_0030_1.tif,41.949601,1.534481,808.734985,0.0000000,0.0000000,0.000000,0.0000000,0.000000,1971,135119.400400
000/IMG_0031_1.tif,41.949553,1.534344,808.723999,0.0000000,0.0000000,0.000000,0.0000000,0.000000,1971,135120.600400
000/IMG_0032_1.tif,41.949523,1.534261,808.776001,0.0000000,0.0000000,0.000000,0.0000000,0.000000,1971,135123.600399
000/IMG_0033_1.tif,41.949474,1.534127,808.797974,0.0000000,0.0000000,0.000000,0.0000000,0.000000,1971,135133.396202
000/IMG_0034_1.tif,41.949431,1.534016,808.840027,0.0000000,0.0000000,0.000000,0.0000000,0.000000,1971,135135.395630
000/IMG_0035_1.tif,41.949386,1.533897,808.747986,0.0000000,0.0000000,0.000000,0.0000000,0.000000,1971,135137.395057
000/IMG_0036_1.tif,41.949344,1.533785,808.676025,0.0000000,0.0000000,0.000000,0.0000000,0.000000,1971,135139.200394
000/IMG_0037_1.tif,41.949302,1.533672,808.612976,0.0000000,0.0000000,0.000000,0.0000000,0.000000,1971,135141.200394
000/IMG_0038_1.tif,41.949259,1.533555,808.629028,0.0000000,0.0000000,0.000000,0.0000000,0.000000,1971,135143.200393
000/IMG_0039_1.tif,41.949217,1.533438,808.666992,0.0000000,0.0000000,0.000000,0.0000000,0.000000,1971,135144.400393
000/IMG_0040_1.tif,41.949174,1.533320,808.598022,0.0000000,0.0000000,0.000000,0.0000000,0.000000,1971,135146.400392
000/IMG_0041_1.tif,41.949133,1.533202,808.697998,0.0000000,0.0000000,0.000000,0.0000000,0.000000,1971,135148.400392
000/IMG_0042_1.tif,41.949089,1.533074,808.831970,0.0000000,0.0000000,0.000000,0.0000000,0.000000,1971,135150.600391
000/IMG_0043_1.tif,41.950564,1.533640,808.479980,0.0000000,0.0000000,0.000000,0.0000000,0.000000,1971,135151.600391
000/IMG_0044_1.tif,41.950520,1.533521,808.401978,0.0000000,0.0000000,0.000000,0.0000000,0.000000,1971,135153.600390
000/IMG_0045_1.tif,41.950484,1.533426,808.276978,0.0000000,0.0000000,0.000000,0.0000000,0.000000,1971,135155.600390
000/IMG_0046_1.tif,41.948923,1.532621,808.742981,0.0000000,0.0000000,0.000000,0.0000000,0.000000,1971,135157.800389
000/IMG_0047_1.tif,41.948883,1.532509,808.562012,0.0000000,0.0000000,0.000000,0.0000000,0.000000,1971,135159.800389
000/IMG_0048_1.tif,41.948844,1.532399,808.382019,0.0000000,0.0000000,0.000000,0.0000000,0.000000,1971,135161.800388
000/IMG_0049_1.tif,41.948802,1.532293,808.310974,0.0000000,0.0000000,0.000000,0.0000000,0.000000,1971,135163.800387
000/IMG_0050_1.tif,41.950252,1.532831,808.005981,0.0000000,0.0000000,0.000000,0.0000000,0.000000,1971,135164.800387
000/IMG_0051_1.tif,41.948679,1.532108,808.645996,0.0000000,0.0000000,0.000000,0.0000000,0.000000,1971,135166.800386
000/IMG_0052_1.tif,41.948587,1.532133,808.593018,0.0000000,0.0000000,0.000000,0.0000000,0.000000,1971,135168.800386
000/IMG_0053_1.tif,41.948574,1.532250,809.232971,0.0000000,0.0000000,0.000000,0.0000000,0.000000,1971,135170.800385
000/IMG_0054_1.tif,41.950086,1.532383,807.825989,0.0000000,0.0000000,0.000000,0.0000000,0.000000,1971,135171.800385
000/IMG_0055_1.tif,41.950042,1.532266,807.997009,0.0000000,0.0000000,0.000000,0.0000000,0.000000,1971,135173.800384
000/IMG_0056_1.tif,41.949993,1.532135,808.072021,0.0000000,0.0000000,0.000000,0.0000000,0.000000,1971,135176.383834
000/IMG_0057_1.tif,41.949954,1.532028,808.132996,0.0000000,0.0000000,0.000000,0.0000000,0.000000,1971,135177.200383
000/IMG_0058_1.tif,41.949909,1.531909,808.103027,0.0000000,0.0000000,0.000000,0.0000000,0.000000,1971,135179.200383
000/IMG_0059_1.tif,41.949864,1.531790,808.010010,0.0000000,0.0000000,0.000000,0.0000000,0.000000,1971,135181.200382
000/IMG_0060_1.tif,41.948850,1.533037,810.226990,0.0000000,0.0000000,0.000000,0.0000000,0.000000,1971,135183.200382
000/IMG_0061_1.tif,41.949774,1.531565,807.892029,0.0000000,0.0000000,0.000000,0.0000000,0.000000,1971,135185.200381
000/IMG_0062_1.tif,41.949685,1.531523,808.271973,0.0000000,0.0000000,0.000000,0.0000000,0.000000,1971,135188.400380
000/IMG_0063_1.tif,41.949594,1.531552,808.507996,0.0000000,0.0000000,0.000000,0.0000000,0.000000,1971,135191.400379
000/IMG_0064_1.tif,41.949619,1.531671,808.556030,0.0000000,0.0000000,0.000000,0.0000000,0.000000,1971,135195.600378
000/IMG_0065_1.tif,41.949657,1.531792,808.507996,0.0000000,0.0000000,0.000000,0.0000000,0.000000,1971,135197.600378
000/IMG_0066_1.tif,41.949689,1.531903,808.460999,0.0000000,0.0000000,0.000000,0.0000000,0.000000,1971,135199.600377
000/IMG_0067_1.tif,41.949731,1.532017,808.432983,0.0000000,0.0000000,0.000000,0.0000000,0.000000,1971,135201.600376
000/IMG_0068_1.tif,41.949200,1.533972,810.257019,0.0000000,0.0000000,0.000000,0.0000000,0.000000,1971,135203.600376
000/IMG_0069_1.tif,41.949820,1.532235,808.456970,0.0000000,0.0000000,0.000000,0.0000000,0.000000,1971,135205.800375
000/IMG_0070_1.tif,41.949863,1.532351,808.411011,0.0000000,0.0000000,0.000000,0.0000000,0.000000,1971,135206.800375
000/IMG_0071_1.tif,41.949906,1.532464,808.437988,0.0000000,0.0000000,0.000000,0.0000000,0.000000,1971,135208.800374
000/IMG_0072_1.tif,41.949949,1.532586,808.585022,0.0000000,0.0000000,0.000000,0.0000000,0.000000,1971,135210.800374
000/IMG_0073_1.tif,41.949405,1.534556,810.166992,0.0000000,0.0000000,0.000000,0.0000000,0.000000,1971,135212.800373
000/IMG_0074_1.tif,41.949447,1.534666,810.049988,0.0000000,0.0000000,0.000000,0.0000000,0.000000,1971,135214.800373
000/IMG_0075_1.tif,41.949495,1.534781,809.849976,0.0000000,0.0000000,0.000000,0.0000000,0.000000,1971,135215.800372
000/IMG_0076_1.tif,41.949543,1.534887,809.643005,0.0000000,0.0000000,0.000000,0.0000000,0.000000,1971,135218.371613
000/IMG_0077_1.tif,41.949587,1.534995,809.677979,0.0000000,0.0000000,0.000000,0.0000000,0.000000,1971,135220.200371
000/IMG_0078_1.tif,41.949624,1.535096,809.833008,0.0000000,0.0000000,0.000000,0.0000000,0.000000,1971,135221.200371
000/IMG_0079_1.tif,41.949668,1.535225,809.864990,0.0000000,0.0000000,0.000000,0.0000000,0.000000,1971,135223.400370
000/IMG_0080_1.tif,41.950279,1.533488,808.843994,0.0000000,0.0000000,0.000000,0.0000000,0.000000,1971,135225.400369
000/IMG_0081_1.tif,41.949746,1.535461,810.148987,0.0000000,0.0000000,0.000000,0.0000000,0.000000,1971,135227.400369
000/IMG_0082_1.tif,41.949788,1.535571,810.406982,0.0000000,0.0000000,0.000000,0.0000000,0.000000,1971,135228.600368
000/IMG_0083_1.tif,41.949785,1.535701,809.992981,0.0000000,0.0000000,0.000000,0.0000000,0.000000,1971,135230.600368
000/IMG_0084_1.tif,41.949720,1.535784,809.943970,0.0000000,0.0000000,0.000000,0.0000000,0.000000,1971,135232.600367
000/IMG_0085_1.tif,41.950482,1.534059,808.791992,0.0000000,0.0000000,0.000000,0.0000000,0.000000,1971,135234.800367
000/IMG_0086_1.tif,41.950521,1.534176,808.460999,0.0000000,0.0000000,0.000000,0.0000000,0.000000,1971,135236.800366
000/IMG_0087_1.tif,41.949556,1.535498,809.575989,0.0000000,0.0000000,0.000000,0.0000000,0.000000,1971,135239.365424
000/IMG_0088_1.tif,41.950611,1.534410,808.202026,0.0000000,0.0000000,0.000000,0.0000000,0.000000,1971,135241.364832
000/IMG_0089_1.tif,41.950654,1.534528,808.096985,0.0000000,0.0000000,0.000000,0.0000000,0.000000,1971,135243.364239
000/IMG_0090_1.tif,41.949431,1.535149,809.476990,0.0000000,0.0000000,0.000000,0.0000000,0.000000,1971,135245.363645
000/IMG_0091_1.tif,41.949389,1.535033,809.338989,0.0000000,0.0000000,0.000000,0.0000000,0.000000,1971,135246.363348
000/IMG_0092_1.tif,41.949341,1.534911,809.242981,0.0000000,0.0000000,0.000000,0.0000000,0.000000,1971,135248.200363
000/IMG_0093_1.tif,41.949299,1.534805,809.195984,0.0000000,0.0000000,0.000000,0.0000000,0.000000,1971,135251.200362
000/IMG_0094_1.tif,41.949261,1.534705,809.158997,0.0000000,0.0000000,0.000000,0.0000000,0.000000,1971,135254.400361
000/IMG_0095_1.tif,41.949219,1.534589,809.142029,0.0000000,0.0000000,0.000000,0.0000000,0.000000,1971,135259.400359
000/IMG_0096_1.tif,41.950604,1.534922,808.455994,0.0000000,0.0000000,0.000000,0.0000000,0.000000,1971,135261.400359
000/IMG_0097_1.tif,41.950562,1.534813,808.354004,0.0000000,0.0000000,0.000000,0.0000000,0.000000,1971,135263.400358
000/IMG_0098_1.tif,41.950516,1.534684,808.211975,0.0000000,0.0000000,0.000000,0.0000000,0.000000,1971,135265.400358
000/IMG_0099_1.tif,41.950478,1.534576,808.091003,0.0000000,0.0000000,0.000000,0.0000000,0.000000,1971,135267.400357
000/IMG_0100_1.tif,41.949010,1.534021,808.950989,0.0000000,0.0000000,0.000000,0.0000000,0.000000,1971,135269.400356
000/IMG_0101_1.tif,41.948969,1.533908,809.018982,0.0000000,0.0000000,0.000000,0.0000000,0.000000,1971,135271.400356
000/IMG_0102_1.tif,41.948928,1.533794,809.159973,0.0000000,0.0000000,0.000000,0.0000000,0.000000,1971,135272.400355
000/IMG_0103_1.tif,41.948887,1.533677,809.148987,0.0000000,0.0000000,0.000000,0.0000000,0.000000,1971,135274.400355
000/IMG_0104_1.tif,41.950263,1.533991,807.341003,0.0000000,0.0000000,0.000000,0.0000000,0.000000,1971,135276.600354
000/IMG_0105_1.tif,41.950223,1.533878,807.382996,0.0000000,0.0000000,0.000000,0.0000000,0.000000,1971,135278.600354
000/IMG_0106_1.tif,41.950188,1.533782,807.463989,0.0000000,0.0000000,0.000000,0.0000000,0.000000,1971,135279.600353
000/IMG_0107_1.tif,41.948724,1.533219,809.146973,0.0000000,0.0000000,0.000000,0.0000000,0.000000,1971,135281.600353
000/IMG_0108_1.tif,41.948678,1.533104,809.124023,0.0000000,0.0000000,0.000000,0.0000000,0.000000,1971,135283.800352
000/IMG_0109_1.tif,41.948634,1.532988,809.038025,0.0000000,0.0000000,0.000000,0.0000000,0.000000,1971,135285.800351
000/IMG_0110_1.tif,41.948591,1.532869,808.987976,0.0000000,0.0000000,0.000000,0.0000000,0.000000,1971,135287.800351
000/IMG_0111_1.tif,41.948548,1.532750,808.903015,0.0000000,0.0000000,0.000000,0.0000000,0.000000,1971,135288.800351
000/IMG_0112_1.tif,41.948510,1.532641,808.895020,0.0000000,0.0000000,0.000000,0.0000000,0.000000,1971,135290.800350
000/IMG_0113_1.tif,41.948467,1.532520,808.908997,0.0000000,0.0000000,0.000000,0.0000000,0.000000,1971,135292.800349
000/IMG_0114_1.tif,41.949843,1.532856,807.671021,0.0000000,0.0000000,0.000000,0.0000000,0.000000,1971,135295.348666
000/IMG_0115_1.tif,41.949798,1.532739,807.770996,0.0000000,0.0000000,0.000000,0.0000000,0.000000,1971,135296.348365
000/IMG_0116_1.tif,41.949753,1.532623,807.833008,0.0000000,0.0000000,0.000000,0.0000000,0.000000,1971,135298.347761
000/IMG_0117_1.tif,41.949708,1.532510,807.896973,0.0000000,0.0000000,0.000000,0.0000000,0.000000,1971,135300.347157
000/IMG_0118_1.tif,41.949666,1.532398,807.791992,0.0000000,0.0000000,0.000000,0.0000000,0.000000,1971,135302.346553
000/IMG_0119_1.tif,41.949626,1.532285,807.700012,0.0000000,0.0000000,0.000000,0.0000000,0.000000,1971,135304.345948
000/IMG_0120_1.tif,41.949588,1.532176,807.723999,0.0000000,0.0000000,0.000000,0.0000000,0.000000,1971,135305.345646
000/IMG_0121_1.tif,41.949539,1.532047,807.736023,0.0000000,0.0000000,0.000000,0.0000000,0.000000,1971,135308.344739
000/IMG_0122_1.tif,41.949503,1.531950,807.781006,0.0000000,0.0000000,0.000000,0.0000000,0.000000,1971,135309.344437
000/IMG_0123_1.tif,41.949459,1.531827,807.841980,0.0000000,0.0000000,0.000000,0.0000000,0.000000,1971,135311.343832
000/IMG_0124_1.tif,41.949408,1.531730,808.012024,0.0000000,0.0000000,0.000000,0.0000000,0.000000,1971,135313.343228
000/IMG_0125_1.tif,41.949318,1.531717,808.119995,0.0000000,0.0000000,0.000000,0.0000000,0.000000,1971,135316.342322
000/IMG_0126_1.tif,41.949245,1.531801,808.793030,0.0000000,0.0000000,0.000000,0.0000000,0.000000,1971,135321.340808
000/IMG_0127_1.tif,41.949282,1.531925,809.101990,0.0000000,0.0000000,0.000000,0.0000000,0.000000,1971,135324.339898
000/IMG_0128_1.tif,41.949319,1.532030,809.026001,0.0000000,0.0000000,0.000000,0.0000000,0.000000,1971,135327.338988
000/IMG_0129_1.tif,41.949363,1.532144,808.921997,0.0000000,0.0000000,0.000000,0.0000000,0.000000,1971,135329.338381
000/IMG_0130_1.tif,41.949402,1.532255,808.888000,0.0000000,0.0000000,0.000000,0.0000000,0.000000,1971,135330.338077
000/IMG_0131_1.tif,41.949442,1.532369,808.752014,0.0000000,0.0000000,0.000000,0.0000000,0.000000,1971,135332.200337
000/IMG_0132_1.tif,41.949486,1.532480,808.801025,0.0000000,0.0000000,0.000000,0.0000000,0.000000,1971,135334.200337
000/IMG_0133_1.tif,41.949528,1.532592,808.956970,0.0000000,0.0000000,0.000000,0.0000000,0.000000,1971,135336.200336
000/IMG_0134_1.tif,41.949569,1.532707,808.888977,0.0000000,0.0000000,0.000000,0.0000000,0.000000,1971,135337.200336
000/IMG_0135_1.tif,41.949611,1.532833,808.741028,0.0000000,0.0000000,0.000000,0.0000000,0.000000,1971,135339.200335
000/IMG_0136_1.tif,41.949646,1.532936,808.762024,0.0000000,0.0000000,0.000000,0.0000000,0.000000,1971,135341.200335
000/IMG_0137_1.tif,41.949691,1.533067,808.940002,0.0000000,0.0000000,0.000000,0.0000000,0.000000,1971,135343.200334
000/IMG_0138_1.tif,41.949738,1.533184,809.132996,0.0000000,0.0000000,0.000000,0.0000000,0.000000,1971,135345.200333
000/IMG_0139_1.tif,41.949779,1.533286,809.302002,0.0000000,0.0000000,0.000000,0.0000000,0.000000,1971,135346.200333
000/IMG_0140_1.tif,41.949831,1.533415,809.489990,0.0000000,0.0000000,0.000000,0.0000000,0.000000,1971,135348.200333
000/IMG_0141_1.tif,41.949877,1.533532,809.546997,0.0000000,0.0000000,0.000000,0.0000000,0.000000,1971,135350.200332
000/IMG_0142_1.tif,41.949921,1.533648,809.482971,0.0000000,0.0000000,0.000000,0.0000000,0.000000,1971,135352.200331
000/IMG_0143_1.tif,41.949956,1.533739,809.375000,0.0000000,0.0000000,0.000000,0.0000000,0.000000,1971,135353.200331
000/IMG_0144_1.tif,41.950011,1.533881,809.169006,0.0000000,0.0000000,0.000000,0.0000000,0.000000,1971,135355.400330
000/IMG_0145_1.tif,41.950048,1.533988,809.202026,0.0000000,0.0000000,0.000000,0.0000000,0.000000,1971,135357.400330
000/IMG_0146_1.tif,41.950088,1.534108,809.293030,0.0000000,0.0000000,0.000000,0.0000000,0.000000,1971,135359.400329
000/IMG_0147_1.tif,41.950127,1.534225,809.354980,0.0000000,0.0000000,0.000000,0.0000000,0.000000,1971,135361.400329
000/IMG_0148_1.tif,41.950170,1.534336,809.351013,0.0000000,0.0000000,0.000000,0.0000000,0.000000,1971,135362.400328
000/IMG_0149_1.tif,41.950211,1.534443,809.273010,0.0000000,0.0000000,0.000000,0.0000000,0.000000,1971,135364.400328
000/IMG_0150_1.tif,41.950253,1.534550,809.137024,0.0000000,0.0000000,0.000000,0.0000000,0.000000,1971,135366.400327
000/IMG_0151_1.tif,41.950297,1.534661,808.994019,0.0000000,0.0000000,0.000000,0.0000000,0.000000,1971,135368.400326
000/IMG_0152_1.tif,41.950349,1.534788,808.924011,0.0000000,0.0000000,0.000000,0.0000000,0.000000,1971,135370.400326
000/IMG_0153_1.tif,41.950383,1.534879,808.987976,0.0000000,0.0000000,0.000000,0.0000000,0.000000,1971,135371.400325
000/IMG_0154_1.tif,41.950427,1.535009,809.047974,0.0000000,0.0000000,0.000000,0.0000000,0.000000,1971,135373.600325
000/IMG_0155_1.tif,41.950460,1.535137,809.046021,0.0000000,0.0000000,0.000000,0.0000000,0.000000,1971,135375.600324
000/IMG_0156_1.tif,41.950427,1.535239,808.638000,0.0000000,0.0000000,0.000000,0.0000000,0.000000,1971,135378.600323
000/IMG_0157_1.tif,41.950349,1.535310,808.495972,0.0000000,0.0000000,0.000000,0.0000000,0.000000,1971,135382.600322
000/IMG_0158_1.tif,41.950291,1.535227,808.908020,0.0000000,0.0000000,0.000000,0.0000000,0.000000,1971,135388.600320
000/IMG_0159_1.tif,41.950252,1.535115,808.760986,0.0000000,0.0000000,0.000000,0.0000000,0.000000,1971,135391.600319
000/IMG_0160_1.tif,41.950210,1.534996,808.476990,0.0000000,0.0000000,0.000000,0.0000000,0.000000,1971,135393.600319
000/IMG_0161_1.tif,41.950176,1.534894,808.429993,0.0000000,0.0000000,0.000000,0.0000000,0.000000,1971,135395.600318
000/IMG_0162_1.tif,41.950132,1.534772,808.526978,0.0000000,0.0000000,0.000000,0.0000000,0.000000,1971,135397.600317
000/IMG_0163_1.tif,41.950095,1.534667,808.547974,0.0000000,0.0000000,0.000000,0.0000000,0.000000,1971,135399.600317
000/IMG_0164_1.tif,41.950048,1.534554,808.463989,0.0000000,0.0000000,0.000000,0.0000000,0.000000,1971,135401.600316
000/IMG_0165_1.tif,41.950001,1.534433,808.346985,0.0000000,0.0000000,0.000000,0.0000000,0.000000,1971,135403.600316
000/IMG_0166_1.tif,41.949962,1.534332,808.239014,0.0000000,0.0000000,0.000000,0.0000000,0.000000,1971,135404.600315
000/IMG_0167_1.tif,41.949912,1.534199,808.234009,0.0000000,0.0000000,0.000000,0.0000000,0.000000,1971,135406.600315
000/IMG_0168_1.tif,41.949866,1.534079,808.153015,0.0000000,0.0000000,0.000000,0.0000000,0.000000,1971,135408.600314
000/IMG_0169_1.tif,41.949827,1.533973,808.094971,0.0000000,0.0000000,0.000000,0.0000000,0.000000,1971,135410.600313
000/IMG_0170_1.tif,41.949787,1.533856,808.174988,0.0000000,0.0000000,0.000000,0.0000000,0.000000,1971,135412.600313
000/IMG_0171_1.tif,41.949748,1.533742,808.372986,0.0000000,0.0000000,0.000000,0.0000000,0.000000,1971,135413.600312
000/IMG_0172_1.tif,41.949705,1.533616,808.330994,0.0000000,0.0000000,0.000000,0.0000000,0.000000,1971,135415.600312
000/IMG_0173_1.tif,41.949666,1.533513,808.372986,0.0000000,0.0000000,0.000000,0.0000000,0.000000,1971,135417.600311
000/IMG_0174_1.tif,41.949624,1.533398,808.437012,0.0000000,0.0000000,0.000000,0.0000000,0.000000,1971,135419.600311
000/IMG_0175_1.tif,41.949582,1.533283,808.361023,0.0000000,0.0000000,0.000000,0.0000000,0.000000,1971,135421.600310
000/IMG_0176_1.tif,41.949540,1.533171,808.348999,0.0000000,0.0000000,0.000000,0.0000000,0.000000,1971,135422.600310
000/IMG_0177_1.tif,41.949495,1.533056,808.375000,0.0000000,0.0000000,0.000000,0.0000000,0.000000,1971,135424.600309
000/IMG_0178_1.tif,41.949449,1.532937,808.471985,0.0000000,0.0000000,0.000000,0.0000000,0.000000,1971,135426.600308
000/IMG_0179_1.tif,41.949403,1.532820,808.478027,0.0000000,0.0000000,0.000000,0.0000000,0.000000,1971,135428.600308
000/IMG_0180_1.tif,41.949361,1.532701,808.507996,0.0000000,0.0000000,0.000000,0.0000000,0.000000,1971,135430.600307
000/IMG_0181_1.tif,41.949320,1.532580,808.541992,0.0000000,0.0000000,0.000000,0.0000000,0.000000,1971,135431.600307
000/IMG_0182_1.tif,41.949277,1.532464,808.575012,0.0000000,0.0000000,0.000000,0.0000000,0.000000,1971,135433.600306
000/IMG_0183_1.tif,41.949232,1.532347,808.650024,0.0000000,0.0000000,0.000000,0.0000000,0.000000,1971,135435.600306
000/IMG_0184_1.tif,41.949189,1.532232,808.586975,0.0000000,0.0000000,0.000000,0.0000000,0.000000,1971,135437.600305
000/IMG_0185_1.tif,41.949140,1.532103,808.614014,0.0000000,0.0000000,0.000000,0.0000000,0.000000,1971,135439.600304
000/IMG_0186_1.tif,41.949101,1.532003,808.575012,0.0000000,0.0000000,0.000000,0.0000000,0.000000,1971,135440.600304
000/IMG_0187_1.tif,41.949025,1.531907,808.718994,0.0000000,0.0000000,0.000000,0.0000000,0.000000,1971,135443.600303
000/IMG_0188_1.tif,41.948933,1.531921,808.963013,0.0000000,0.0000000,0.000000,0.0000000,0.000000,1971,135446.600302
000/IMG_0189_1.tif,41.948907,1.532039,809.052979,0.0000000,0.0000000,0.000000,0.0000000,0.000000,1971,135450.600301
000/IMG_0190_1.tif,41.948942,1.532154,809.151978,0.0000000,0.0000000,0.000000,0.0000000,0.000000,1971,135453.600300
000/IMG_0191_1.tif,41.948984,1.532262,809.322021,0.0000000,0.0000000,0.000000,0.0000000,0.000000,1971,135455.600299
000/IMG_0192_1.tif,41.949030,1.532376,809.388977,0.0000000,0.0000000,0.000000,0.0000000,0.000000,1971,135457.600299
000/IMG_0193_1.tif,41.949073,1.532495,809.296021,0.0000000,0.0000000,0.000000,0.0000000,0.000000,1971,135459.600298
000/IMG_0194_1.tif,41.949111,1.532606,809.195984,0.0000000,0.0000000,0.000000,0.0000000,0.000000,1971,135461.600298
000/IMG_0195_1.tif,41.949151,1.532721,809.174011,0.0000000,0.0000000,0.000000,0.0000000,0.000000,1971,135462.800297
000/IMG_0196_1.tif,41.949196,1.532838,809.210022,0.0000000,0.0000000,0.000000,0.0000000,0.000000,1971,135464.800297
000/IMG_0197_1.tif,41.949239,1.532952,809.229004,0.0000000,0.0000000,0.000000,0.0000000,0.000000,1971,135466.800296
000/IMG_0198_1.tif,41.949281,1.533062,809.385010,0.0000000,0.0000000,0.000000,0.0000000,0.000000,1971,135468.800295
000/IMG_0199_1.tif,41.949320,1.533173,809.544006,0.0000000,0.0000000,0.000000,0.0000000,0.000000,1971,135469.800295
001/IMG_0000_1.tif,41.949811,1.533761,729.703003,0.0000000,0.0000000,0.000000,0.0000000,0.000000,1971,135471.800294
001/IMG_0001_1.tif,41.949810,1.533763,729.398987,0.0000000,0.0000000,0.000000,0.0000000,0.000000,1971,135473.800294
001/IMG_0002_1.tif,41.949452,1.533516,809.135010,0.0000000,0.0000000,0.000000,0.0000000,0.000000,1971,135475.800293
001/IMG_0003_1.tif,41.949965,1.531491,806.572021,0.0000000,0.0000000,0.000000,0.0000000,0.000000,1971,135477.800293
001/IMG_0004_1.tif,41.949535,1.533724,808.767029,0.0000000,0.0000000,0.000000,0.0000000,0.000000,1971,135478.800292
001/IMG_0005_1.tif,41.949573,1.533834,808.767029,0.0000000,0.0000000,0.000000,0.0000000,0.000000,1971,135480.800292
001/IMG_0006_1.tif,41.949615,1.533960,808.835022,0.0000000,0.0000000,0.000000,0.0000000,0.000000,1971,135482.800291
001/IMG_0007_1.tif,41.950118,1.531936,807.213989,0.0000000,0.0000000,0.000000,0.0000000,0.000000,1971,135484.800290
001/IMG_0008_1.tif,41.949687,1.534180,809.403015,0.0000000,0.0000000,0.000000,0.0000000,0.000000,1971,135487.289720
001/IMG_0009_1.tif,41.949728,1.534294,809.591003,0.0000000,0.0000000,0.000000,0.0000000,0.000000,1971,135489.289097
001/IMG_0010_1.tif,41.949781,1.534421,809.504028,0.0000000,0.0000000,0.000000,0.0000000,0.000000,1971,135491.288475
001/IMG_0011_1.tif,41.949820,1.534517,809.546021,0.0000000,0.0000000,0.000000,0.0000000,0.000000,1971,135492.288164
001/IMG_0012_1.tif,41.949865,1.534628,809.297974,0.0000000,0.0000000,0.000000,0.0000000,0.000000,1971,135494.200287
001/IMG_0013_1.tif,41.949908,1.534741,809.203979,0.0000000,0.0000000,0.000000,0.0000000,0.000000,1971,135496.200287
001/IMG_0014_1.tif,41.949947,1.534843,809.098022,0.0000000,0.0000000,0.000000,0.0000000,0.000000,1971,135497.200287
001/IMG_0015_1.tif,41.950461,1.532836,807.640015,0.0000000,0.0000000,0.000000,0.0000000,0.000000,1971,135499.400286
001/IMG_0016_1.tif,41.950504,1.532951,807.635010,0.0000000,0.0000000,0.000000,0.0000000,0.000000,1971,135501.400285
001/IMG_0017_1.tif,41.950541,1.533051,807.789978,0.0000000,0.0000000,0.000000,0.0000000,0.000000,1971,135503.400285
001/IMG_0018_1.tif,41.950586,1.533168,808.004028,0.0000000,0.0000000,0.000000,0.0000000,0.000000,1971,135505.400284
001/IMG_0019_1.tif,41.950631,1.533298,808.387024,0.0000000,0.0000000,0.000000,0.0000000,0.000000,1971,135507.400283
001/IMG_0020_1.tif,41.950665,1.533412,808.598999,0.0000000,0.0000000,0.000000,0.0000000,0.000000,1971,135510.600282
001/IMG_0021_1.tif,41.949977,1.535490,808.312012,0.0000000,0.0000000,0.000000,0.0000000,0.000000,1971,135515.600281
001/IMG_0022_1.tif,41.949931,1.535389,808.526001,0.0000000,0.0000000,0.000000,0.0000000,0.000000,1971,135517.800280
001/IMG_0023_1.tif,41.949892,1.535279,808.815002,0.0000000,0.0000000,0.000000,0.0000000,0.000000,1971,135520.279444
001/IMG_0024_1.tif,41.949856,1.535176,808.861023,0.0000000,0.0000000,0.000000,0.0000000,0.000000,1971,135521.279133
001/IMG_0025_1.tif,41.949818,1.535054,808.885010,0.0000000,0.0000000,0.000000,0.0000000,0.000000,1971,135523.200278
001/IMG_0026_1.tif,41.950829,1.534133,808.523987,0.0000000,0.0000000,0.000000,0.0000000,0.000000,1971,135525.200278
001/IMG_0027_1.tif,41.950855,1.534243,808.453003,0.0000000,0.0000000,0.000000,0.0000000,0.000000,1971,135527.200277
001/IMG_0028_1.tif,41.950884,1.534363,808.489014,0.0000000,0.0000000,0.000000,0.0000000,0.000000,1971,135528.400277
001/IMG_0029_1.tif,41.950917,1.534491,808.526978,0.0000000,0.0000000,0.000000,0.0000000,0.000000,1971,135530.400276
001/IMG_0030_1.tif,41.950947,1.534610,808.411011,0.0000000,0.0000000,0.000000,0.0000000,0.000000,1971,135532.400276
001/IMG_0031_1.tif,41.950975,1.534729,808.370972,0.0000000,0.0000000,0.000000,0.0000000,0.000000,1971,135534.600275
001/IMG_0032_1.tif,41.950998,1.534854,808.049988,0.0000000,0.0000000,0.000000,0.0000000,0.000000,1971,135535.600275
001/IMG_0033_1.tif,41.950968,1.534762,807.872009,0.0000000,0.0000000,0.000000,0.0000000,0.000000,1971,135537.800274
001/IMG_0034_1.tif,41.950926,1.534652,808.005005,0.0000000,0.0000000,0.000000,0.0000000,0.000000,1971,135539.273525
001/IMG_0035_1.tif,41.950885,1.534539,808.078003,0.0000000,0.0000000,0.000000,0.0000000,0.000000,1971,135541.200273
001/IMG_0036_1.tif,41.950843,1.534423,808.210022,0.0000000,0.0000000,0.000000,0.0000000,0.000000,1971,135543.200272
001/IMG_0037_1.tif,41.950805,1.534317,808.442017,0.0000000,0.0000000,0.000000,0.0000000,0.000000,1971,135545.400272
001/IMG_0038_1.tif,41.950761,1.534199,808.499023,0.0000000,0.0000000,0.000000,0.0000000,0.000000,1971,135546.600271
001/IMG_0039_1.tif,41.950719,1.534091,808.450012,0.0000000,0.0000000,0.000000,0.0000000,0.000000,1971,135548.600271
001/IMG_0040_1.tif,41.950679,1.533977,808.369019,0.0000000,0.0000000,0.000000,0.0000000,0.000000,1971,135550.600270
001/IMG_0041_1.tif,41.950640,1.533862,808.302979,0.0000000,0.0000000,0.000000,0.0000000,0.000000,1971,135552.600269
001/IMG_0042_1.tif,41.950599,1.533737,808.294006,0.0000000,0.0000000,0.000000,0.0000000,0.000000,1971,135553.600269
001/IMG_0043_1.tif,41.949051,1.532973,808.901001,0.0000000,0.0000000,0.000000,0.0000000,0.000000,1971,135555.600268
001/IMG_0044_1.tif,41.949009,1.532859,808.931030,0.0000000,0.0000000,0.000000,0.0000000,0.000000,1971,135557.600268
001/IMG_0045_1.tif,41.948967,1.532743,808.799011,0.0000000,0.0000000,0.000000,0.0000000,0.000000,1971,135559.800267
001/IMG_0046_1.tif,41.950432,1.533295,808.320984,0.0000000,0.0000000,0.000000,0.0000000,0.000000,1971,135561.266651
001/IMG_0047_1.tif,41.950387,1.533182,808.369995,0.0000000,0.0000000,0.000000,0.0000000,0.000000,1971,135563.266025
001/IMG_0048_1.tif,41.950343,1.533068,808.252991,0.0000000,0.0000000,0.000000,0.0000000,0.000000,1971,135564.265713
001/IMG_0049_1.tif,41.950295,1.532946,808.125000,0.0000000,0.0000000,0.000000,0.0000000,0.000000,1971,135566.200265
001/IMG_0050_1.tif,41.948757,1.532179,808.607971,0.0000000,0.0000000,0.000000,0.0000000,0.000000,1971,135568.200264
001/IMG_0051_1.tif,41.950216,1.532728,807.960022,0.0000000,0.0000000,0.000000,0.0000000,0.000000,1971,135570.400264
001/IMG_0052_1.tif,41.950174,1.532611,807.953979,0.0000000,0.0000000,0.000000,0.0000000,0.000000,1971,135573.600263
001/IMG_0053_1.tif,41.950130,1.532497,807.856995,0.0000000,0.0000000,0.000000,0.0000000,0.000000,1971,135577.800261
001/IMG_0054_1.tif,41.948611,1.532367,809.497986,0.0000000,0.0000000,0.000000,0.0000000,0.000000,1971,135579.800261
001/IMG_0055_1.tif,41.948653,1.532490,809.638977,0.0000000,0.0000000,0.000000,0.0000000,0.000000,1971,135581.800260
001/IMG_0056_1.tif,41.948695,1.532607,809.702026,0.0000000,0.0000000,0.000000,0.0000000,0.000000,1971,135584.259447
001/IMG_0057_1.tif,41.948733,1.532710,809.830017,0.0000000,0.0000000,0.000000,0.0000000,0.000000,1971,135586.258819
001/IMG_0058_1.tif,41.948778,1.532837,810.081970,0.0000000,0.0000000,0.000000,0.0000000,0.000000,1971,135588.258191
001/IMG_0059_1.tif,41.948814,1.532936,810.255005,0.0000000,0.0000000,0.000000,0.0000000,0.000000,1971,135590.200258
001/IMG_0060_1.tif,41.949815,1.531662,807.833984,0.0000000,0.0000000,0.000000,0.0000000,0.000000,1971,135591.200257
001/IMG_0061_1.tif,41.948894,1.533163,810.107971,0.0000000,0.0000000,0.000000,0.0000000,0.000000,1971,135593.400256
001/IMG_0062_1.tif,41.948937,1.533276,809.999023,0.0000000,0.0000000,0.000000,0.0000000,0.000000,1971,135595.600256
001/IMG_0063_1.tif,41.948987,1.533401,809.995972,0.0000000,0.0000000,0.000000,0.0000000,0.000000,1971,135597.600255
001/IMG_0064_1.tif,41.949026,1.533503,810.026001,0.0000000,0.0000000,0.000000,0.0000000,0.000000,1971,135597.600255
001/IMG_0065_1.tif,41.949073,1.533618,810.132996,0.0000000,0.0000000,0.000000,0.0000000,0.000000,1971,135600.600254
001/IMG_0066_1.tif,41.949125,1.533746,810.114990,0.0000000,0.0000000,0.000000,0.0000000,0.000000,1971,135602.600254
001/IMG_0067_1.tif,41.949168,1.533867,810.125977,0.0000000,0.0000000,0.000000,0.0000000,0.000000,1971,135604.600253
001/IMG_0068_1.tif,41.949774,1.532125,808.502991,0.0000000,0.0000000,0.000000,0.0000000,0.000000,1971,135605.600253
001/IMG_0069_1.tif,41.949234,1.534087,810.409973,0.0000000,0.0000000,0.000000,0.0000000,0.000000,1971,135607.800252
001/IMG_0070_1.tif,41.949277,1.534216,810.354980,0.0000000,0.0000000,0.000000,0.0000000,0.000000,1971,135610.200251
001/IMG_0071_1.tif,41.949316,1.534321,810.390015,0.0000000,0.0000000,0.000000,0.0000000,0.000000,1971,135611.200251
001/IMG_0072_1.tif,41.949361,1.534443,810.325012,0.0000000,0.0000000,0.000000,0.0000000,0.000000,1971,135613.400250
001/IMG_0073_1.tif,41.949990,1.532709,808.752014,0.0000000,0.0000000,0.000000,0.0000000,0.000000,1971,135615.400250
001/IMG_0074_1.tif,41.950025,1.532810,808.835999,0.0000000,0.0000000,0.000000,0.0000000,0.000000,1971,135616.400249
001/IMG_0075_1.tif,41.950067,1.532919,808.783020,0.0000000,0.0000000,0.000000,0.0000000,0.000000,1971,135618.400249
001/IMG_0076_1.tif,41.950110,1.533026,808.736023,0.0000000,0.0000000,0.000000,0.0000000,0.000000,1971,135620.400248
001/IMG_0077_1.tif,41.950153,1.533139,808.724976,0.0000000,0.0000000,0.000000,0.0000000,0.000000,1971,135622.400247
001/IMG_0078_1.tif,41.950192,1.533241,808.687012,0.0000000,0.0000000,0.000000,0.0000000,0.000000,1971,135623.400247
001/IMG_0079_1.tif,41.950239,1.533369,808.836975,0.0000000,0.0000000,0.000000,0.0000000,0.000000,1971,135625.600246
001/IMG_0080_1.tif,41.949704,1.535341,809.953979,0.0000000,0.0000000,0.000000,0.0000000,0.000000,1971,135627.600246
001/IMG_0081_1.tif,41.950321,1.533607,808.887024,0.0000000,0.0000000,0.000000,0.0000000,0.000000,1971,135629.600245
001/IMG_0082_1.tif,41.950365,1.533723,809.083984,0.0000000,0.0000000,0.000000,0.0000000,0.000000,1971,135631.800244
001/IMG_0083_1.tif,41.950407,1.533835,809.018005,0.0000000,0.0000000,0.000000,0.0000000,0.000000,1971,135634.800243
001/IMG_0084_1.tif,41.950445,1.533943,809.056030,0.0000000,0.0000000,0.000000,0.0000000,0.000000,1971,135638.242462
001/IMG_0085_1.tif,41.949645,1.535722,809.984985,0.0000000,0.0000000,0.000000,0.0000000,0.000000,1971,135642.241205
001/IMG_0086_1.tif,41.949599,1.535613,809.697021,0.0000000,0.0000000,0.000000,0.0000000,0.000000,1971,135644.200241
001/IMG_0087_1.tif,41.950566,1.534293,808.364990,0.0000000,0.0000000,0.000000,0.0000000,0.000000,1971,135646.200240
001/IMG_0088_1.tif,41.949514,1.535377,809.533020,0.0000000,0.0000000,0.000000,0.0000000,0.000000,1971,135648.400239
001/IMG_0089_1.tif,41.949473,1.535267,809.497009,0.0000000,0.0000000,0.000000,0.0000000,0.000000,1971,135650.400239
001/IMG_0090_1.tif,41.950696,1.534642,808.182983,0.0000000,0.0000000,0.000000,0.0000000,0.000000,1971,135652.400238
001/IMG_0091_1.tif,41.950741,1.534758,808.369995,0.0000000,0.0000000,0.000000,0.0000000,0.000000,1971,135653.400238
001/IMG_0092_1.tif,41.950786,1.534870,808.510986,0.0000000,0.0000000,0.000000,0.0000000,0.000000,1971,135655.600237
001/IMG_0093_1.tif,41.950792,1.534994,808.348999,0.0000000,0.0000000,0.000000,0.0000000,0.000000,1971,135657.600236
001/IMG_0094_1.tif,41.950722,1.535087,807.757019,0.0000000,0.0000000,0.000000,0.0000000,0.000000,1971,135659.600236
001/IMG_0095_1.tif,41.950642,1.535023,808.198975,0.0000000,0.0000000,0.000000,0.0000000,0.000000,1971,135660.800235
001/IMG_0096_1.tif,41.949176,1.534475,809.262024,0.0000000,0.0000000,0.000000,0.0000000,0.000000,1971,135663.234611
001/IMG_0097_1.tif,41.949134,1.534360,809.262024,0.0000000,0.0000000,0.000000,0.0000000,0.000000,1971,135665.233982
001/IMG_0098_1.tif,41.949092,1.534247,809.197021,0.0000000,0.0000000,0.000000,0.0000000,0.000000,1971,135666.233667
001/IMG_0099_1.tif,41.949052,1.534135,808.989014,0.0000000,0.0000000,0.000000,0.0000000,0.000000,1971,135668.200233
001/IMG_0100_1.tif,41.950439,1.534466,808.039978,0.0000000,0.0000000,0.000000,0.0000000,0.000000,1971,135670.200232
001/IMG_0101_1.tif,41.950392,1.534342,807.890991,0.0000000,0.0000000,0.000000,0.0000000,0.000000,1971,135672.400232
001/IMG_0102_1.tif,41.950352,1.534239,807.632996,0.0000000,0.0000000,0.000000,0.0000000,0.000000,1971,135673.400231
001/IMG_0103_1.tif,41.950304,1.534108,807.437012,0.0000000,0.0000000,0.000000,0.0000000,0.000000,1971,135675.400231
001/IMG_0104_1.tif,41.948847,1.533561,809.142029,0.0000000,0.0000000,0.000000,0.0000000,0.000000,1971,135677.400230
001/IMG_0105_1.tif,41.948807,1.533447,809.156982,0.0000000,0.0000000,0.000000,0.0000000,0.000000,1971,135679.600229
001/IMG_0106_1.tif,41.948767,1.533334,809.124023,0.0000000,0.0000000,0.000000,0.0000000,0.000000,1971,135680.600229
001/IMG_0107_1.tif,41.950145,1.533662,807.627014,0.0000000,0.0000000,0.000000,0.0000000,0.000000,1971,135682.600228
001/IMG_0108_1.tif,41.950106,1.533552,807.638977,0.0000000,0.0000000,0.000000,0.0000000,0.000000,1971,135684.800228
001/IMG_0109_1.tif,41.950066,1.533434,807.679016,0.0000000,0.0000000,0.000000,0.0000000,0.000000,1971,135686.227365
001/IMG_0110_1.tif,41.950021,1.533318,807.659973,0.0000000,0.0000000,0.000000,0.0000000,0.000000,1971,135688.226735
001/IMG_0111_1.tif,41.949975,1.533205,807.479004,0.0000000,0.0000000,0.000000,0.0000000,0.000000,1971,135690.400226
001/IMG_0112_1.tif,41.949931,1.533089,807.494995,0.0000000,0.0000000,0.000000,0.0000000,0.000000,1971,135691.400226
001/IMG_0113_1.tif,41.949886,1.532973,807.578979,0.0000000,0.0000000,0.000000,0.0000000,0.000000,1971,135693.400225
